{
  "platform": "android",
  "buildType": "apk",
  "environment": {
    "EXPO_PUBLIC_API_URL": "https://xnose-gateway-service-431223568957.us-central1.run.app",
    "EXPO_PUBLIC_AI_SERVICE_URL": "https://xnose-ai-service-jrms6vnyga-uc.a.run.app",
    "EXPO_PUBLIC_GCS_BUCKET_URL": "https://storage.googleapis.com/petnow-dogs-images-app-biometrico-db"
  },
  "appConfig": {
    "name": "X-NOSE",
    "description": "Sistema de identificación biométrica para mascotas",
    "version": "1.0.0",
    "package": "com.mllituma.xnose"
  }
}
